Year,25%_Emissions_GtC,25%_CO2_ppm,25%_Temp_C,25%_Forcing_Wm2,50%_Emissions_GtC,50%_CO2_ppm,50%_Temp_C,50%_Forcing_Wm2,75%_Emissions_GtC,75%_CO2_ppm,75%_Temp_C,75%_Forcing_Wm2,100%_Emissions_GtC,100%_CO2_ppm,100%_Temp_C,100%_Forcing_Wm2
2024,10.7,420.0,1.2,2.1692383283786794,10.7,420.0,1.2,2.1692383283786794,10.7,420.0,1.2,2.1692383283786794,10.7,420.0,1.2,2.1692383283786794
2025,10.7,417.81632,1.2053622960173644,2.1413498421416253,10.7,417.81632,1.2053622960173644,2.1413498421416253,10.7,417.81632,1.2053622960173644,2.1413498421416253,10.7,417.81632,1.2053622960173644,2.1413498421416253
2026,10.379,415.6763136,1.2104482191482984,2.113877351236604,10.485999999999999,415.6763136,1.2104482191482984,2.113877351236604,10.593,415.6763136,1.2104482191482984,2.113877351236604,10.7,415.6763136,1.2104482191482984,2.113877351236604
2027,10.058,413.560617728,1.2152619333908083,2.086577560192462,10.271999999999998,413.566780928,1.2152625798441166,2.0866572894338202,10.485999999999999,413.572944128,1.2152632262877912,2.086737017487018,10.7,413.579107328,1.2152638727218323,2.086816744352091
2028,9.737,411.46874617344,1.219807537252998,2.0594475275187083,10.058,411.48711250944,1.2198101134376556,2.0596863250108934,10.379,411.50547884544,1.2198126895263577,2.0599251118448167,10.7,411.52384518144004,1.2198152655191121,2.0601638880214317
2029,9.416,409.40022244997124,1.2240890645704472,2.032484331764111,9.844,409.4367110592512,1.2240954810052471,2.032961139909392,10.271999999999998,409.4731996685312,1.224101897000531,2.0334379055638796,10.7,409.5096882778112,1.224108312556368,2.0339146287351455
2030,9.094999999999999,407.3545796009718,1.228110485317854,2.005685071817061,9.629999999999999,407.4149912380662,1.2281232702263203,2.006478430505492,10.165,407.47540287516057,1.2281360537459025,2.00727167156314,10.7,407.535814512255,1.2281488358769521,2.008064795024884
2031,8.774,405.3313600089524,1.23187570641484,1.979046867186958,9.416,405.42137941330486,1.2318979962404388,1.980234908353759,10.058,405.5113988176574,1.2319202825524291,1.9814226857582307,10.7,405.6014182220099,1.2319425653521079,1.9826101995174656
2032,8.453,403.33011520877335,1.2353885725258293,1.9525668582669977,9.202,403.45531342503875,1.2354241025015822,1.9542273009042195,9.950999999999999,403.5805116413042,1.2354596248217253,1.9558872283611912,10.7,403.7057098575697,1.2354951394901341,1.957546640957498
2033,8.132,401.3504057045979,1.2386528668539118,1.9262422065787042,8.988,401.516242356538,1.2387059616294818,1.9284523521928985,9.844,401.6820790084781,1.2387590414260587,1.930661585147916,10.7,401.84791566041827,1.2388121062535884,1.932869906197194
2034,7.811,399.39180079050595,1.2416723119286046,1.9000700949986027,8.774,399.6036263094072,1.2417478762578302,1.9029068235060143,9.736999999999998,399.81545182830854,1.2418234135687685,1.9057420486929957,10.7,400.0272773472099,1.2418989238841773,1.908575772152069
2035,7.49,397.4538783746958,1.2444505703874325,1.8740477279673866,8.559999999999999,397.71693618321905,1.2445540798791823,1.877587494018088,9.629999999999999,397.9799939917424,1.2446575436458245,1.881124919571718,10.7,398.24305180026573,1.2447609617349678,1.8846600077213094
2036,7.1690000000000005,395.5362248072019,1.2469912457512498,1.8481723316819647,8.346,395.8556534595547,1.2471287376863704,1.8524911614041883,9.523,396.17508211190756,1.24726615610825,1.8568065075290079,10.7,396.49451076426044,1.2474035011095506,1.8611183756716803
2037,6.848000000000001,393.63843471105787,1.24929788319323,1.8224411542707755,8.132,394.01926999036357,1.2494759474102628,1.8276146424265938,9.415999999999999,394.4001052696694,1.2496538983251282,1.83278313261515,10.7,394.78094054897525,1.2498317361077842,1.8379466344839284
2038,6.527,391.7601108168367,1.251373970301455,1.7968514659527366,7.917999999999999,392.2072877905563,1.2515997401536967,1.8029547734961684,9.309,392.654464764276,1.2518253414469163,1.8090511262881968,10.7,393.10164173799575,1.2520507744777394,1.815140540160736
2039,6.2059999999999995,389.90086380049996,1.253222937835037,1.7714005591802284,7.703999999999999,390.41921883474515,1.2535040812214198,1.7785084112087466,9.201999999999998,390.93757386899046,1.2537849812687956,1.785606832482973,10.7,391.4559289032358,1.2540656384734647,1.7926958479953512
2040,5.885000000000001,388.06031212448994,1.2548481604737123,1.7460857487664851,7.49,388.65458485805027,1.2551928709458828,1.7542724328568564,9.094999999999999,389.24885759161066,1.2555372390937833,1.7624466086466821,10.7,389.8431303251711,1.2558812657181904,1.7706083143001115
2041,5.564,386.23808188200013,1.2562529575608492,1.7209043719977948,7.276,386.91291716088926,1.2566699455087251,1.7302437369171297,8.988,387.58775243977846,1.257086462595341,1.7395668267411173,10.7,388.2625877186677,1.2575025100725827,1.7488736980941662
2042,5.242999999999999,384.4338066443601,1.2574405938398154,1.69585378873087,7.061999999999999,385.19375641767147,1.2579390777578032,1.7064192435137397,8.880999999999998,385.95370619098287,1.2584369266792113,1.7169638742115687,10.7,386.71365596429433,1.2589341425076659,1.7274877627497727
2043,4.922000000000001,382.6471273114729,1.2584142801836535,1.6709313814758011,6.848,383.496652489318,1.2590039780196165,1.68279589485825,8.774,384.3461776671632,1.259592834344223,1.6946341549224961,10.7,385.19570284500844,1.2601808519820215,1.7064462775966385
2044,4.601,380.87769196524346,1.2591771743180193,1.6461345554649554,6.6339999999999995,381.82116423953164,1.2598682949069844,1.6593706556662449,8.666999999999998,382.76463651381994,1.2605583175418091,1.6725740900601425,10.7,383.7081087881083,1.261247246322881,1.6857450194838346
2045,4.28,379.1251557259386,1.2597323815373382,1.621460738708216,6.419999999999999,380.166859354741,1.2605356161218426,1.6361405135511435,8.559999999999999,381.2085629835435,1.2613374380339768,1.6507801190022449,10.7,382.25026661234614,1.2621378531107244,1.6653797742989056
2046,3.9590000000000005,377.3891806114198,1.26008295541414,1.5969073820349398,6.2059999999999995,378.5333141676462,1.261009469253021,1.6131024793955921,8.453,379.67744772387266,1.261934188249489,1.62924870015507,10.7,380.8215812800992,1.2628571205669998,1.6453463384438582
2047,3.638000000000001,375.6694353991914,1.2602318985015364,1.5724719591230054,5.992,376.92011348429327,1.261293322568876,1.5902535877008557,8.345999999999998,378.1707915693952,1.262352492138005,1.607976311758012,10.7,379.42146965449723,1.2634094184445823,1.625640520267797
2048,3.317,373.9655954912076,1.2601821630288075,1.5481519665153376,5.778,375.3268504146074,1.2613905858046572,1.567590896914629,8.238999999999999,376.6881053380073,1.262596206021944,1.5869594526560322,10.7,378.0493602614073,1.2637990389205909,1.6062581414560277
2049,2.9960000000000013,372.2773427813834,1.2599366515900676,1.5239449236242706,5.564,373.75312620631524,1.2613046109444839,1.5451114897376854,8.131999999999998,375.2289096312471,1.2626691194458346,1.5661946430402471,10.7,376.70469305617917,1.2640301974911865,1.5871950383755213
2050,2.675,370.6043655257558,1.2594982178259841,1.4998483727241292,5.35,372.19855008218894,1.2610386929978212,1.5228124734098167,8.024999999999999,373.79273463862216,1.2625749560229196,1.5456784251570068,10.7,375.3869191950556,1.2641070338679778,1.5684470633767171
2051,2.675,368.94635821524065,1.2588696670985273,1.4758598789323847,5.35,370.6627390805452,1.260596070770347,1.500690979975492,8.024999999999999,372.3791199458497,1.2623173742787914,1.5254073639858052,10.7,374.0955008111545,1.2640336128756628,1.5500100860516626
2052,2.675,367.32151105093584,1.2580559407200713,1.4522463360786,5.35,369.15764429893426,1.2599813760839236,1.4789228092912114,8.024999999999999,370.99377754693273,1.261900689128838,1.5054669264495872,10.7,372.82991079493144,1.2638139253505434,1.5318799944485955
2053,2.675,365.72916082991713,1.2570618962047277,1.4290035033290591,5.35,367.6826514129556,1.2591991600872174,1.4575037242430724,8.024999999999999,369.6361419959941,1.2613291383823624,1.4858529245269152,10.7,371.5896325790328,1.2634518890395494,1.5140526962430827
2054,2.675,364.16865761331877,1.2558923080834312,1.406127137025923,5.35,366.23715838469644,1.2582538941095054,1.4364294935230775,8.024999999999999,368.30565915607417,1.260606883624894,1.4665611839171646,10.7,370.3741599274521,1.2629513494994182,1.496524119865934
2055,2.675,362.6393644610524,1.2545518687252741,1.3836129924635123,5.35,364.8205752170025,1.257149970518641,1.4156958931951233,8.024999999999999,367.0017859729527,1.2597380111024856,1.4475875453736526,10.7,369.1829967289031,1.262316080995679,1.479290215588115
2056,2.675,361.1406571718314,1.2530451891647076,1.3614568256246387,5.35,363.4323237126624,1.2558917035827917,1.3952987082182198,8.024999999999999,365.72399025349364,1.258726532607621,1.4289278659930924,10.7,368.015656794325,1.2615497874010977,1.4623469565629588
2057,2.675,359.67192402839476,1.2513767999342194,1.3396543948762476,5.35,362.07183723840916,1.2544833303355578,1.3752337339266099,8.024999999999999,364.4717504484238,1.257576386366367,1.4105780204614202,10.7,366.87166365843854,1.2606561030932437,1.4456903398260326
2058,2.675,358.2325655478269,1.249551151902097,1.3182014626237697,5.35,360.738560493641,1.2529290114440932,1.3554967774665607,8.024999999999999,363.2445554394553,1.2562914379264012,1.3925339022560785,10.7,365.7505503852698,1.2596385938508492,1.4293163872530144
2059,2.675,356.82199423687035,1.2475726171148889,1.2970937969235892,5.35,359.4319492837682,1.2512328320798385,1.336083659189627,8.024999999999999,362.0419043306662,1.2548754810455556,1.3747914248049278,10.7,364.6518593775644,1.258500757748633,1.4132211464760374
2060,2.675,355.43963435213294,1.2454454896441713,1.2763271730531922,5.35,358.1514702980928,1.2493988027914913,1.3169902140023004,8.024999999999999,360.8633062440529,1.2533322385805215,1.3573465226019763,10.7,363.5751421900131,1.2572460260502731,1.397400691758943
2061,2.675,354.0849216650903,1.2431739864372315,1.255897375038563,5.35,356.89660089213095,1.2474308603798356,1.298212292671976,8.024999999999999,359.7082801191719,1.2516653633753665,1.3401951522801954,10.7,362.51995934621283,1.2558777640992187,1.3818511248319656
2062,2.675,352.7573032317885,1.2407622481712797,1.2358001971385204,5.35,355.66682887428834,1.2453328687740584,1.2797457630892735,8.024999999999999,358.57635451678846,1.2498784391495188,1.3233332936417355,10.7,361.48588015928857,1.254399272207035,1.366568575686368
2063,2.675,351.4562371671527,1.2382143401108026,1.216031445285742,5.35,354.4616522968026,1.2431086199091834,1.2615865114867673,8.024999999999999,357.4670674264527,1.2479749813848822,1.3067569506458772,10.7,360.4724825561028,1.2528137865389883,1.3515492033296062
2064,2.675,350.18119242380965,1.2355342529676752,1.19658693848428,5.35,353.28057925086654,1.2407618346042615,1.2437304436142824,8.024999999999999,356.3799660779236,1.2459584382117506,1.2904621523551358,10.7,359.4793529049808,1.2511244799965846,1.3367891965016236
2065,2.675,348.93164857533344,1.232725903763648,1.1774625101634595,5.35,352.1231276658492,1.2382961634409562,1.2261734858709215,8.024999999999999,355.31460675636515,1.2438321912932002,1.2744449538399414,10.7,358.50608584688115,1.2493344630967773,1.3222847743528885
2066,2.675,347.70709560382676,1.229793136694834,1.158654009488111,5.35,350.98882511253225,1.2357151876421744,1.2089115863940791,8.024999999999999,354.27055462123786,1.2415995567076388,1.2587014370423784,10.7,357.55228412994353,1.2474467848475785,1.3080321870848413
2067,2.675,346.5070336917502,1.2267397239978193,1.1401573026251381,5.35,349.8772086102816,1.2330224199503936,1.1919407161057247,8.024999999999999,353.2473835288131,1.2392637858292068,1.2432277115994932,10.7,356.61755844734466,1.245464433619806,1.2940277165534084
2068,2.675,345.3309730179152,1.2235693668170289,1.1219682739664973,5.35,348.787824438076,1.2302213055053461,1.1752568697162957,8.024999999999999,352.2446758582368,1.236828066205726,1.2280199156267246,10.7,355.70152727839775,1.2433903380147129,1.280267676836285
2069,2.675,344.1784335575569,1.2202856960729833,1.1040828273087162,5.35,347.72022794931445,1.2273152227207245,1.1588560666865786,8.024999999999999,351.26202234107205,1.2342955224339014,1.2130742164620196,10.7,354.8038167328298,1.2412273677272525,1.2667484147647043
2070,2.675,343.04894488640576,1.2168922733310843,1.086496886989135,5.35,346.67398339032815,1.224307484159582,1.1427343521479938,8.024999999999999,350.2990218942506,1.2316692170314913,1.1983868113712488,10.7,353.9240603981732,1.23897833440474,1.2534663104204082
2071,2.675,341.94204598867765,1.213392591670577,1.0692063989790963,5.35,345.6486637225216,1.2212013374081085,1.1268877977817655,8.024999999999999,349.35528145636556,1.2289521513061674,1.183953928215566,10.7,353.0618991902097,1.236645992500681,1.2404177775985694
2072,2.675,340.8572850689041,1.2097900765533391,1.052207331934386,5.35,344.64385044807113,1.2179999659474663,1.1113125026574555,8.024999999999999,348.4304158272382,1.2261472662207922,1.1697718260813363,10.7,352.21698120640553,1.2342330401235453,1.2275992642374325
2073,2.675,339.794219367526,1.2060880866921564,1.035495678203239,5.35,343.6591334391097,1.2147064900233815,1.0960045940314034,8.024999999999999,347.52404751069344,1.2232574432548546,1.1558367958733549,10.7,351.38896158227743,1.2317421198802727,1.215007252815416
2074,2.675,338.7524149801755,1.2022899149181454,1.019067454792297,5.35,342.69411077032754,1.2113239675131935,1.0809602281056445,8.024999999999999,346.6358065604796,1.220285505261809,1.1421451608720115,10.7,350.5775023506319,1.2291758197143063,1.2026382607164772
2075,2.675,337.731446680572,1.1983987890469985,1.0029187042909335,5.35,341.748388554921,1.2078553947900714,1.0661755907478876,8.024999999999999,345.76533042926997,1.2172342173220705,1.1286932772551552,10.7,349.78227230361927,1.2265366737379566,1.1904888405645042
2076,2.675,336.7308977469606,1.1944178727437265,0.9870454957544091,5.35,340.8215807838226,1.2043037075841154,1.051646898173185,8.024999999999999,344.9122638206846,1.214106287591434,1.1154775345853727,10.7,349.0029468575469,1.2238271630589084,1.1785555805275443
2077,2.675,335.75035979202136,1.1903502663855838,0.9714439255463384,5.35,339.91330916814616,1.2006717818400685,1.0373703975879425,8.024999999999999,344.0762585442709,1.2109043681446825,1.1024943562634224,10.7,348.2392079203959,1.221049716600692,1.1668351045926357
2078,2.675,334.7894325961809,1.1861990079228715,0.956110118141027,5.35,339.0232029847832,1.1969624345713727,1.0233423677969358,8.024999999999999,343.2569733733855,1.2076310558141703,1.0897401999486063,10.7,347.490743761988,1.218206711916945,1.155324072812068
2079,2.675,333.8477239442573,1.1819670737373147,0.9410402268862044,5.35,338.1508989250876,1.1931784247103132,1.009559119774028,8.024999999999999,342.4540739059178,1.204288893023165,1.0772115579468247,10.7,346.75724888674824,1.215300475999304,1.144019181521848
2080,2.675,332.9248494653722,1.1776573794977263,0.9262304347267787,5.35,337.29604094658583,1.189322453953999,0.9960169971972979,8.024999999999999,341.6672324277995,1.2008803686137477,1.0649049575671106,10.7,346.03842390901326,1.2123332860787692,1.1329171635331845
2081,2.675,332.02043247606474,1.1732727810126697,0.911676954890209,5.35,336.4582801276541,1.1853971676059398,0.9827123769493084,8.024999999999999,340.8961277792435,1.1974079186690758,1.052816961447417,10.7,345.333975430833,1.209307370420396,1.1220147882977842
2082,2.675,331.1341038265434,1.168816075079847,0.8973760315341603,5.35,335.637274525101,1.1814051554129879,0.969641669583252,8.024999999999999,340.1404452236586,1.1938739273298211,1.0409441678504547,10.7,344.6436159222163,1.2062249091111739,1.1113088620477405
2083,2.675,330.26550175001256,1.164290000331944,0.8833239403570994,5.35,334.832689034599,1.177348952397418,0.9568013197557375,8.024999999999999,339.39987631918547,1.190280727604607,1.029283210930379,10.7,343.967063603772,1.2030880348409607,1.1007962279108356
2084,2.675,329.4142717150123,1.159697238078672,0.8695169891725104,5.35,334.04419525390705,1.173231039683933,0.9441878066269727,8.024999999999999,338.6741187928018,1.1866306021742725,1.0178307609711041,10.7,343.30404233169656,1.1998988336763512,1.0904737660020178
2085,2.675,328.58006628071206,1.1550404131447567,0.855951518447472,5.35,333.2714713488289,1.169053845321384,0.931797644229124,8.024999999999999,337.96287641694573,1.1829257841898033,1.0065835245970736,10.7,342.65428148506265,1.1966593458273593,1.0803383934918487
2086,2.675,327.76254495509784,1.1503220947036303,0.8426239018062854,5.35,332.51420192185236,1.1648197450990103,0.9196273818036437,8.024999999999999,337.26585888860683,1.179168458063775,0.9955382449572598,10.7,342.0175158553614,1.1933715664068103,1.0703870646526874
2087,2.675,326.96137405599586,1.1455447971065933,0.8295305464999149,5.35,331.7720778834153,1.1605310633570067,0.9076736041083386,8.024999999999999,336.5827817108347,1.175360760255163,0.9846917018831961,10.7,341.3934855382542,1.1900374461823373,1.0606167708833951
2088,2.675,326.17622657487595,1.1407109807072193,0.816667893841997,5.35,331.044796325747,1.1561900737912338,0.8959329316949843,8.024999999999999,335.913366076618,1.1715047800473832,0.9740407120218498,10.7,340.7819358274891,1.186658892320892,1.0510245407133
2089,2.675,325.4067820433784,1.1358230526807862,0.8040324196121594,5.35,330.33206039923203,1.151799000251902,0.8844020211582773,8.024999999999999,335.25733875508564,1.167602560319429,0.9635821289441006,10.7,340.18261711093936,1.1832377691256792,1.041607439786193
2090,2.675,324.65272640251084,1.1308833678385253,0.7916206344274598,5.35,329.6335791912474,1.1473600175360608,0.8730775653569304,8.024999999999999,334.6144319799839,1.1636560983099886,0.9533128432296375,10.7,339.59528476872055,1.1797758987654365,1.0323625708250788
2091,2.675,323.9137518744606,1.1258942294364862,0.779429084082695,5.35,328.9490676074225,1.1428752521737355,0.8619562936076943,8.024999999999999,333.9843833403842,1.1596673463744214,0.9432297825290344,10.7,339.01969907334615,1.1762750619959856,1.0232870735784385
2092,2.675,323.1895568369714,1.1208578899788273,0.76745434986039,5.35,328.27824625527404,1.138346783207564,0.851034971853124,8.024999999999999,333.36693567357656,1.1556382127344917,0.933329911603793,10.7,338.4556250918792,1.1727369988739882,1.0143781247486878
2093,2.675,322.479845700232,1.1157765520153464,0.7556930488112434,5.35,327.62084133016856,1.13377664296579,0.8403104028038696,8.024999999999999,332.76183696010503,1.1515705622207557,0.923610232345101,10.7,337.9028325900416,1.169163409462845,1.0056329379035898
2094,2.675,321.7843287862273,1.1106523689330783,0.7441418340058452,5.35,326.97658450356516,1.1291668178284804,0.8297794260562871,8.024999999999999,332.16884022090295,1.147466217007511,0.914067783772084,10.7,337.3610959382408,1.1655559545306862,0.997048763371269
2095,2.675,321.10272221050275,1.105487445741789,0.7327973947584486,5.35,326.34521281349384,1.12451924898684,0.8194389181861609,8.024999999999999,331.5877034164849,1.143326957340222,0.9046996420102897,10.7,336.830194019476,1.1619162562404026,0.9886228881195548
2096,2.675,320.4347477662927,1.100283839853211,0.7216564568235977,5.35,325.726468557224,1.1198358331955067,0.8092857928193217,8.024999999999999,331.0181893481552,1.1391545222553425,0.8955029202511401,10.7,336.30991013908647,1.1582458988316768,0.9803526356203042
2097,2.675,319.78013281096685,1.095043561853866,0.710715782566421,5.35,325.1200991860795,1.1151184235177132,0.7993170006799217,8.024999999999999,330.4600655611921,1.1349506102924627,0.8864747686930848,10.7,335.8000319363047,1.1545464292949765,0.9722353656993749
2098,2.675,319.1386101547475,1.0897685762713332,0.6999721711073613,5.35,324.52585720235794,1.1103688300632157,0.7895295296171612,8.024999999999999,329.9131042499682,1.1307168801987153,0.8776123744651827,10.7,335.30035129757863,1.1508193580374826,0.9642684743728883
2099,2.675,318.50991795165254,1.0844608023338267,0.6894224584421709,5.35,323.9435000583108,1.1055888207188906,0.7799204046112083,8.024999999999999,329.37708216496884,1.1264549516253806,0.868912961533799,10.7,334.81066427162705,1.147066159540922,0.9564493936704249
2100,2.675,317.8937995926195,1.0791221147229582,0.6790635175379205,5.35,323.3727900571446,1.1007801218719104,0.7704866877590609,8.024999999999999,328.85178052166947,1.1221664058166385,0.8603737905931301,10.7,334.3307709861945,1.1432882730112892,0.9487755914457713
2101,2.675,317.2900036007671,1.0737543443195596,0.6688922584058343,5.35,322.8134942560017,1.0959444191254166,0.7612254782411156,8.024999999999999,328.3369849112361,1.11785278629042,0.8519921589402311,10.7,333.86047556647065,1.1394871030204397,0.9412445711758197
2102,2.675,316.69828352875174,1.068359278942459,0.6589056281517179,5.35,322.2653843708817,1.091083358006615,0.7521339122691607,8.024999999999999,327.83248521301135,1.1135155995113148,0.8437654003352201,10.7,333.39958605514124,1.1356640201395451,0.933853871748216
2103,2.675,316.1183978581767,1.0629386640801,0.649100611004744,5.35,321.72823668346405,1.0861985446672233,0.7432091630165087,8.024999999999999,327.3380755087511,1.1091563155555042,0.8356908848473066,10.7,332.94791433403844,1.1318203615644065,0.9266010672383401
2104,2.675,315.5501099010132,1.05749420361491,0.6394742283253682,5.35,321.2018319497948,1.0812915465762079,0.7344484405310066,8.024999999999999,326.8535539985761,1.1047763687676841,0.8277660186873087,10.7,332.50527604735765,1.1279574317326233,0.9194837666761729
2105,2.675,314.9931877029929,1.0520275605403266,0.6300235385931174,5.35,320.6859553107989,1.076363893204756,0.7258489916315863,8.024999999999999,326.3787229186046,1.100377158409958,0.8199882440272576,10.7,332.0714905264105,1.1240765029326236,0.9124996138036102
2106,2.675,314.447403948933,1.0465403576703964,0.6207456373750061,5.35,320.1803962045829,1.0714170767034306,0.7174080997890823,8.024999999999999,325.9133884602325,1.095960049302678,0.8123550388077414,10.7,331.6463807158823,1.120178815904563,0.9056462868227497
2107,2.675,313.91253586995435,1.0410341783418706,0.6116376572753063,5.35,319.68494828049126,1.066452552571466,0.709123084991954,8.024999999999999,325.4573606910279,1.0915263724572206,0.8048639165335666,10.7,331.22977310156466,1.1162655804331039,0.8989214981356808
2108,2.675,313.38836515255525,1.0355105671087281,0.602696767867393,5.35,319.19940931488145,1.0614717403181644,0.7009913035976074,8.024999999999999,325.0104534772073,1.087077425700689,0.7975124260583317,10.7,330.8214976395334,1.112337975932094,0.8923229940762792
2109,2.675,312.87467784950417,1.0299710304290601,0.5939201756083868,5.35,318.7235811285838,1.0564760241163607,0.6930101481699393,8.024999999999999,324.5724844076632,1.0826144742925348,0.7902981513584938,10.7,330.4213876867427,1.1083971520211608,0.8858485546345023
2110,2.675,312.37126429251407,1.0244170373442611,0.5853051237372877,5.35,318.25726950601216,1.0514667534479303,0.6851770473037576,8.024999999999999,324.1432747195099,1.0781387515331025,0.7832187112974813,10.7,330.02927993300784,1.104444229094249,0.8794959931736615
2111,2.675,311.8779190066638,1.0188500201504722,0.5768488921572892,5.35,317.80028411589194,1.046445243741316,0.6774894654366878,8.024999999999999,323.7226492251197,1.0736514593640991,0.7762717593804035,10.7,329.6450143343477,1.1004802988801268,0.8732631561411399
2112,2.675,311.3944406265305,1.0132713750622346,0.5685487973029466,5.35,317.3524384335741,1.0414127770010584,0.6699449026491798,8.024999999999999,323.3104362406173,1.0691537689609978,0.7694549834998844,10.7,329.2684340476608,1.0965064249948904,0.8671479227730016
2113,2.675,310.92063181399993,1.0076824628683112,0.5604021919928727,5.35,316.91354966490263,1.0363706024293171,0.6625408944532123,8.024999999999999,322.906467515805,1.0646468213173894,0.7627661056735403,10.7,328.8993853667076,1.0925236434865058,0.8611482047929265
2114,2.675,310.4562991777199,1.0020846095796436,0.552406465268596,5.35,316.4834386716046,1.0313199370393773,0.655275011570259,8.024999999999999,322.5105781654889,1.060131727821299,0.7562028817736104,10.7,328.5377176593734,1.0885329633714185,0.8552619461059137
2115,2.675,310.00125319416554,0.9964791070694167,0.544559042220236,5.35,316.0619298981725,1.0262619662611385,0.6481448596991057,8.024999999999999,322.1226066021791,1.055609570823485,0.7497631012492162,10.7,328.18328330618596,1.0845353671632756,0.8494871224871319
2116,2.675,309.55530813028224,0.9908672137052057,0.5368573837995999,5.35,315.648851300209,1.021197844538587,0.6411480792740502,8.024999999999999,321.7423944701355,1.0510814041977508,0.7434445868417382,10.7,327.83593764006224,1.0805318113938023,0.8438217412663322
2117,2.675,309.1182819676766,0.9852501549731915,0.5292989866213254,5.35,315.2440342742048,1.0161286959192608,0.6342823452140318,8.024999999999999,321.36978658073275,1.0465482538932902,0.7372451942937566,10.7,327.495538887261,1.076523227125877,0.8382638410082154
2118,2.675,308.68999632832305,0.979629124094427,0.5218813827526569,5.35,314.84731358872074,1.011055614635716,0.6275453666632086,8.024999999999999,321.0046308491181,1.0420111184791034,0.7311628120520224,10.7,327.1619481095158,1.072510520458854,0.8328114911890905
2119,2.675,308.2702764017566,0.9740052826331512,0.51460213949244,5.35,314.45852731694634,1.0059796656790088,0.6209348867234992,8.024999999999999,320.6467782321357,1.037470969680514,0.7251953609648636,10.7,326.8350291473255,1.0684945730261863,0.8274627918702201
2120,2.675,307.8589508737214,0.9683797610971432,0.5074588591399002,5.35,314.0775167706074,1.000901885364215,0.614448682179567,8.024999999999999,320.296082667493,1.0329287529078262,0.7193407939744794,10.7,326.514648564379,1.064476242485396,0.8222158733681643
2121,2.675,307.455851856247,0.9627536595301212,0.5004491787537542,5.35,313.7041264351953,0.9958232818880061,0.6080845632167515,8.024999999999999,319.95240101414316,1.0283853877771627,0.7135970958044991,10.7,326.20067559309143,1.060456363000454,0.8170688959224793
2122,2.675,307.0608148191221,0.9571280480961891,0.4935707699022019,5.35,313.3382039064914,0.9907448358783075,0.6018403731323891,8.024999999999999,319.6155929938603,1.0238417686235253,0.7079622826432124,10.7,325.8929820812296,1.0564357457166202,0.8120200493610737
2123,2.675,306.67367852273964,0.9515039676563434,0.48682133840432035,5.35,312.9795998283616,0.9856675009360729,0.5957139880409831,8.024999999999999,319.2855211339831,1.0192987650061238,0.7024344018228486,10.7,325.59144243960503,1.0524151792278071,0.8070675527635401
2124,2.675,306.29428495228484,0.9458824303370504,0.4801986240633583,5.35,312.62816783179437,0.9805922041692015,0.5897033165736745,8.024999999999999,318.96205071130345,1.0147572222060242,0.6970115314952676,10.7,325.2959335908129,1.0483954300365244,0.802209654122748
2125,2.675,305.92247925323915,0.9402644200909159,0.47370040039244155,5.35,312.2837644751585,0.9755198467186371,0.5838062995724124,8.024999999999999,318.64504969707735,1.010217961716162,0.6916917803044185,10.7,325.0063349189967,1.04437724300647,0.797444630004997
2126,2.675,305.5581096681744,0.9346508932494649,0.46732447433317165,5.35,311.9462491856553,0.970451304276688,0.5780209097792612,8.024999999999999,318.3343887031358,1.005681781723778,0.6864732870559104,10.7,324.72252822061677,1.0403613418078295,0.7927707852089874
2127,2.675,305.20102747481087,0.9290427790680587,0.46106868596756356,5.35,311.6154842019422,0.9653874275976068,0.5723451515212216,8.024999999999999,318.02994092907306,1.0011494575853295,0.6813542203840091,10.7,324.44439765620444,1.0363484293553502,0.7881864524238784
2128,2.675,304.85108692531463,0.9234409802629765,0.45493090822380594,5.35,311.29133451790335,0.9603290430004763,0.5667770603909582,8.024999999999999,317.7315821104916,0.9966217422939334,0.6763327784163945,10.7,324.17182970308033,1.0323391882392563,0.783689991886684
2129,2.675,304.50814518680835,0.9178463735406948,0.44890904657626163,5.35,310.9736678275453,0.9552769528644484,0.561314702923811,8.024999999999999,317.43919046828177,0.9920993669394019,0.6714071884369698,10.7,323.9047131090187,1.0283342811490739,0.779279791039254
2130,2.675,304.1720622830722,0.912259810119397,0.4430010387401422,5.35,310.6623544709944,0.950231936116383,0.5559561762714283,8.024999999999999,317.1526466589161,0.9875830411609298,0.666575706547023,10.7,323.6429388468383,1.0243343512904348,0.7749542641850519
2131,2.675,303.84270103741073,0.9066821162427539,0.43720485436126266,5.35,310.3572673815745,0.9451947487109413,0.5506996078723938,8.024999999999999,316.8718337257378,0.9830734535924963,0.6618366173250148,10.7,323.3864000699015,1.0203400227949302,0.7707118521459666
2132,2.675,303.5199270166625,0.9011140936860125,0.4315184947012933,5.35,310.058282033943,0.9401661241031846,0.5455431551201612,8.024999999999999,316.59663705122307,0.9785712723010465,0.6571882334852648,10.7,323.1349920685035,1.016351901123084,0.7665510219193695
2133,2.675,303.20360847632924,0.8955565202544404,0.4259399923188628,5.35,309.7652763932641,0.9351467737137361,0.540485005028616,8.024999999999999,316.3269443101986,0.9740771452175154,0.6526288955358003,10.7,322.8886122271334,1.0123705734605202,0.7624702663356021
2134,2.675,302.89361630680264,0.8900101502741683,0.4204674107469172,5.35,309.47813086539884,0.930137387386563,0.5355233738955938,8.024999999999999,316.06264542399464,0.9695917005607642,0.6481569714356153,10.7,322.6471599825908,1.0083966091073968,0.7584681037161043
2135,2.675,302.5898239806666,0.8844757150754807,0.41509884416666953,5.35,309.19672824809084,0.9251386338394376,0.5306565069646262,8.024999999999999,315.8036325155147,0.9651155472544934,0.6437708562515558,10.7,322.41053678293895,1.0044305598611798,0.7545430775323495
2136,2.675,302.2921075010533,0.8789539234686057,0.4098324170785036,5.35,308.920953683129,0.9201511611071396,0.5258826780852144,8.024999999999999,315.5497998652044,0.9606492753372061,0.6394689718151036,10.7,322.17864604728015,1.000472960392831,0.7506937560657764
2137,2.675,302.00034535103225,0.873445462212056,0.4046662839701535,5.35,308.6506946094664,0.915175596977462,0.5212001893719076,8.024999999999999,315.3010438679003,0.9561934563652873,0.6352497663792263,10.7,321.95139312633455,0.9965243286164882,0.746918732068872
2138,2.675,301.7144184440116,0.8679509964735772,0.39959862898248916,5.35,308.3858407172771,0.9102125494200854,0.516607370862434,8.024999999999999,315.0572629905423,0.9517486438092739,0.6311117142755371,10.7,321.72868526380785,0.992585166052709,0.7432166224275668
2139,2.675,301.4342100751314,0.8624711702837594,0.3946276655732158,5.35,308.12628390293156,0.9052626070083858,0.5121025801751528,8.024999999999999,314.81835773073146,0.9473153734433861,0.6270533155719463,10.7,321.5104315585317,0.9886559581853582,0.7395860678250871
2140,2.675,301.1596058736287,0.8570066069823714,0.3897516361787813,5.35,307.87191822487296,0.900326339334243,0.5076842021660583,8.024999999999999,314.58423057611685,0.9428941637283927,0.6230730957309968,10.7,321.2965429273611,0.9847371748122135,0.7360257324074163
2141,2.675,300.89049375615616,0.8515579096574784,0.38496881187478393,5.35,307.6226398603755,0.8954042974159188,0.5033506485855729,8.024999999999999,314.3547859645945,0.938485516187885,0.6191696052690667,10.7,321.0869320688139,0.9808292703893655,0.7325343034504852
2142,2.675,300.626763881033,0.8461256615774048,0.3802774920351475,5.35,307.378347063168,0.8904970140990732,0.49910035773534633,8.024999999999999,314.1299302453026,0.9340899157780327,0.6153414194166116,10.7,320.8815134274376,0.9769326843694927,0.7291104910292318
2143,2.675,300.36830860341234,0.8407104266156065,0.37567600399034534,5.35,307.1389401219046,0.8856050044509901,0.4949317941252773,8.024999999999999,313.90957164039656,0.9297078312508977,0.6115871377795942,10.7,320.68020315888884,0.973047841534084,0.7257530276886399
2144,2.675,300.1150224313441,0.8353127496685171,0.37116270268489543,5.35,306.90432131946653,0.8807287661480825,0.4908434481309546,8.024999999999999,313.69362020758865,0.9253397155113803,0.6079053840022857,10.7,320.48291909571105,0.9691751523196908,0.7224606681168686
2145,2.675,299.86680198271716,0.8299331570664352,0.36673597033440786,5.35,306.6743948930772,0.8758687798567507,0.48683383565171384,8.024999999999999,313.4819878034369,0.9209860059678736,0.6042948054315525,10.7,320.28958071379685,0.9653150131382824,0.7192321888205895
2146,2.675,299.6235459430628,0.82457215697752,0.36239421608238354,5.35,306.4490669952157,0.8710255096076656,0.48290149776949004,8.024999999999999,313.2745880473681,0.9166471248767041,0.6007540727827974,10.7,320.1001090995209,0.9614678066917857,0.7160663878026173
2147,2.675,299.38515502420154,0.8192302398049637,0.3581358756570019,5.35,306.22824565531135,0.8661994031635509,0.47904500040864384,8.024999999999999,313.0713362864208,0.9123234796804316,0.5972818798076664,10.7,319.9144269175305,0.9576339022808835,0.7129620842419437
2148,2.675,299.1515319237175,0.8139078785774123,0.35395941102811734,5.35,306.01184074220515,0.8613908923805392,0.4752629339969304,8.024999999999999,312.8721495606924,0.9080154633400893,0.5938769429636477,10.7,319.7324583791799,0.9538136561081523,0.7099181181762385
2149,2.675,298.92258128524315,0.8086055293327029,0.34986331006464483,5.35,305.799763927361,0.8566003935631752,0.4715539131277605,8.024999999999999,312.6769465694785,0.9037234546614373,0.5905380010856964,10.7,319.5541292115963,0.9500074115756134,0.7069333501869277
2150,2.675,298.6982096595383,0.8033236314949912,0.3458460861925496,5.35,305.5919286488138,0.8518283078131427,0.4679165762239077,8.024999999999999,312.48564763808895,0.8994478186153093,0.587263815059979,10.7,319.3793666273644,0.9462154995767781,0.7040066610868991
2151,2.675,298.47832546634754,0.7980626082453409,0.34190627805361967,5.35,305.3882500758375,0.8470750213717908,0.46434958520281255,8.024999999999999,312.2981746853272,0.8951889066521279,0.5840531674998453,10.7,319.2080992948171,0.942438238783261,0.7011369516109263
2152,2.675,298.26283895702056,0.7928228668858485,0.3380424491651834,5.35,305.18864507432073,0.8423409059565345,0.4608516251435989,8.024999999999999,312.1144511916206,0.8909470570106671,0.5809048624241273,10.7,319.04025730892073,0.9386759359260408,0.6983231421088599
2153,2.675,298.05166217788013,0.7876047991973761,0.3342531875809646,5.35,304.9930321728343,0.8376263190912067,0.45742140395595177,8.024999999999999,311.9344021677882,0.8867225950211378,0.577817724937869,10.7,318.8757721627423,0.9349288860714425,0.6955641722416637
2154,2.675,297.8447089343225,0.782408781790969,0.3305371055532062,5.35,304.80133152937765,0.8329316044304375,0.4540576520509565,8.024999999999999,311.75795412443244,0.882515833402674,0.5747906009155367,10.7,318.71457671948747,0.93119737289192,0.6928590006803337
2155,2.675,297.6418947556361,0.7772351764530288,0.3268928391962339,5.35,304.6134648987901,0.8282570920781388,0.4507591220140323,8.024999999999999,311.5850350419438,0.8783270725552974,0.5718223566868439,10.7,318.55660518509774,0.9274816689317124,0.6902066048077629
2156,2.675,297.44313686052334,0.7720843304843222,0.32331904815159573,5.35,304.4293556008143,0.8236030989001686,0.44752458828004793,8.024999999999999,311.4155743411049,0.8741566008464353,0.568911878725208,10.7,318.4017930813958,0.9237820358674514,0.6876059804236005
2157,2.675,297.2483541233129,0.7669565770328972,0.31981441525490867,5.35,304.248928488798,0.818969928831254,0.44435284681073267,8.024999999999999,311.2495028542828,0.8700046948920706,0.566058073338956,10.7,318.2500772197679,0.9200987247637943,0.6850561414521388
2158,2.675,297.05746704084663,0.7618522354209835,0.31637764620454606,5.35,304.07210991902207,0.814357873176248,0.4412427147744702,8.024999999999999,311.08675279719716,0.8658716198325983,0.5632598663653124,10.7,318.10139567537254,0.9164319763241559,0.6825561196532716
2159,2.675,296.8703977000297,0.7567716114659543,0.3130074692322869,5.35,303.89882772064163,0.8097672109057982,0.43819303022856865,8.024999999999999,310.92725774125324,0.8617576296034661,0.5605162028672418,10.7,317.9556877618651,0.9127820211366161,0.6801049643365551
2160,2.675,296.68706974602907,0.7517149977954247,0.30970263477603144,5.35,303.7290111662288,0.8051982089465031,0.43520265180408274,8.024999999999999,310.77095258642817,0.8576629672006736,0.5578260468331983,10.7,317.8128940066278,0.909149079915075,0.677701742078418
2161,2.675,296.5074083511085,0.7466826741565628,0.30646191515470805,5.35,303.56259094290425,0.8006511224656321,0.43227045839326855,8.024999999999999,310.6177735346996,0.853587864941206,0.5551883808798318,10.7,317.67295612649525,0.9055333637357283,0.6753455364425138
2162,2.675,296.33134018408634,0.7416749077196899,0.3032841042454481,5.35,303.39949912404614,0.7961261951504872,0.4293953488397407,8.024999999999999,310.4676580640056,0.8495325447184779,0.5526022059576976,10.7,317.53581700396535,0.9019350742689383,0.6730354477032847
2163,2.675,296.15879338040463,0.7366919533762483,0.3001680171631514,5.35,303.23966914156523,0.7916236594824803,0.42657624163140484,8.024999999999999,310.3205449027255,0.8454972182528607,0.5500665410600061,10.7,317.40142066388603,0.8983544040065682,0.6707705925727094
2164,2.675,295.9896975127965,0.7317340540312088,0.29711248994250605,5.35,303.0830357587339,0.787143737006003,0.42381207459620535,8.024999999999999,310.176374004671,0.8414820873373683,0.5475804229344574,10.7,317.26971225060834,0.8947915364848563,0.6685501039302995
2165,2.675,295.8239835625406,0.7268014408899985,0.29411637922256095,5.35,302.9295350435592,0.7826866385921656,0.42110180460078134,8.024999999999999,310.0350865245776,0.8374873440785745,0.5451429057981875,10.7,317.14063800559614,0.8912466465028969,0.666373130556317
2166,2.675,295.6615838912898,0.7218943337400222,0.2911785619339191,5.35,302.779104342688,0.7782525646974767,0.41844440725203935,8.024999999999999,309.89662479408605,0.8335131711328363,0.5427530610558627,10.7,317.0141452454842,0.8877199003367997,0.6642388368682536
2167,2.675,295.50243221346403,0.7170129412268541,0.28829793498862955,5.35,302.6316822558343,0.773841705617543,0.4158388766017249,8.024999999999999,309.76093229820435,0.829559741937894,0.5404099770209415,10.7,316.89018234057454,0.8842114559495985,0.6621464026605671
2168,2.675,295.3464635691947,0.7121574611251762,0.2854734149728396,5.35,302.4872086107176,0.7694542417358595,0.4132842248540198,8.024999999999999,309.62795365224025,0.8256272209399215,0.5381127586401271,10.7,316.76869869376304,0.8807214631969756,0.6600950228476831
2169,2.675,295.1936142978108,0.7073280806045376,0.2827039378422835,5.35,302.3456244385032,0.7650903437677674,0.41077948207620424,8.024999999999999,309.49763457919545,0.8217157638160983,0.5358605272210448,10.7,316.64964471988776,0.877250064028873,0.6580839072102653
2170,2.675,295.0438220118546,0.7025249764900108,0.2799884586206302,5.35,302.2068719497331,0.76075017299965,0.4083236959124258,8.024999999999999,309.36992188761155,0.8178255176927736,0.5336524201631334,10.7,316.53297182549,0.8737973926870553,0.6561122801447647
2171,2.675,294.8970255716175,0.6977483155178197,0.27732595110078406,5.35,302.07089451073847,0.756433881523442,0.4059159313005928,8.024999999999999,309.2447634498593,0.8139566213592928,0.5314875906917949,10.7,316.4186323889802,0.8703635758986946,0.6541793804162284
2172,2.675,294.75316506018515,0.692998254586013,0.27471540754915896,5.35,301.9376366205237,0.7521416124665248,0.40355527019244297,8.024999999999999,309.12210818086214,0.8101092054775576,0.5293652075957848,10.7,316.3065797412006,0.8669487330660405,0.6522844609143815
2173,2.675,294.6121817589815,0.6882749410002581,0.27215583841297747,5.35,301.8070438881132,0.7478735002170767,0.401240811276784,8.024999999999999,309.0019060172449,0.8062833927873864,0.5272844549678746,10.7,316.1967681463766,0.8635529764522419,0.650426788412969
2174,2.675,294.47401812380184,0.6835785127148282,0.269646272030633,5.35,301.67906301035094,0.7436296706449541,0.3989716697059483,8.024999999999999,308.8841078969,0.8024792983077459,0.5252445319487783,10.7,316.0891527834491,0.8601764113633873,0.6486056433323544
2175,2.675,294.3386177613258,0.6789090985688567,0.2671857543451501,5.35,301.5536417501439,0.7394102413181706,0.39674697682546956,8.024999999999999,308.768665738962,0.7986970295339199,0.5232446524743464,10.7,315.98368972778013,0.8568191363268239,0.6468203195053622
2176,2.675,294.20592540609925,0.6742668185179312,0.26477334862078555,5.35,301.43072891514106,0.7352153217150456,0.39456587990699543,8.024999999999999,308.65553242418275,0.7949366866306836,0.5212840450260366,10.7,315.8803359332245,0.8534812432658234,0.6450701239463558
2177,2.675,294.0758868979773,0.6696517838610987,0.2624081351627702,5.35,301.31027433683823,0.7310450134320934,0.3924275418844542,8.024999999999999,308.54466177569907,0.7911983626215496,0.5193619523846471,10.7,315.77904921456,0.8501628176706534,0.6433543766235399
2178,2.675,293.94844916001773,0.6650640974633546,0.2600892110402458,5.35,301.19222885010146,0.7268994103877195,0.3903311410934794,8.024999999999999,308.43600854018507,0.7874821435741503,0.5174776313873247,10.7,315.6797882302688,0.8468639387661182,0.6416724102344686
2179,2.675,293.82356017681735,0.6605038539736866,0.2578156898124121,5.35,301.07654427309944,0.7227785990217945,0.388275871014099,8.024999999999999,308.32952836938136,0.7837881087818236,0.5156303526878238,10.7,315.5825124656634,0.8435846796756307,0.640023569984752
2180,2.675,293.701168973281,0.6559711400387433,0.2555867012578764,5.35,300.9631733876375,0.7186826584911714,0.3862609400166974,8.024999999999999,308.2251778019937,0.780116330941465,0.5138194005200227,10.7,315.4871822163501,0.8403251075818738,0.6384072133699324
2181,2.675,293.5812255938154,0.6514660345121985,0.25340139110725907,5.35,300.85206991988474,0.7146116608612156,0.384285571111239,8.024999999999999,308.12291424595384,0.7764668763277099,0.5120440724646833,10.7,315.3937585720231,0.8370852838841134,0.6368227099605309
2182,2.675,293.4636810819391,0.6469886086598796,0.2512589207790403,5.35,300.74318852148707,0.7105656712934125,0.3823490016997814,8.024999999999999,308.02269596103474,0.7728398049635093,0.5103036792194393,10.7,315.30220340058264,0.83386526435222,0.6352694411902187
2183,2.675,293.3484874603003,0.6425389263607294,0.24915846711866424,5.35,300.6364847510573,0.7065447482291181,0.3804504833322308,8.024999999999999,307.92448204181403,0.7692351707871609,0.5085975443720083,10.7,315.212479332571,0.8306650992774582,0.6337468001471213
2184,2.675,293.2355977110943,0.6381170443036701,0.24709922214091373,5.35,300.53191505603615,0.7025489435695191,0.3785892814653823,8.024999999999999,307.82823240097775,0.7656530218158563,0.5069250041766025,10.7,315.1245497459196,0.8274848336201016,0.6322541913682139
2185,2.675,293.12496575687237,0.6337230121804351,0.2450803927755484,5.35,300.42943675491546,0.6985783028518662,0.3767646752252045,8.024999999999999,307.7339077529582,0.7620934003058074,0.5052854073335342,10.7,315.0383787510012,0.8243245071539287,0.6307910306367929
2186,2.675,293.01654644173493,0.629356872874438,0.24310120061621893,5.35,300.32900801981714,0.6946328654220424,0.3749759571723689,8.024999999999999,307.64146959789906,0.7585563429090088,0.5036781147719923,10.7,314.95393117598115,0.8211841546076569,0.6293567447830007
2187,2.675,292.91029551290023,0.625018662645742,0.2411608816726449,5.35,300.2305878594208,0.690712664603533,0.37322243307102365,8.024999999999999,307.5508802059411,0.7550418808266968,0.5021024994359673,10.7,314.87117255246153,0.8180638058033699,0.6279507714873757
2188,2.675,292.8061696026422,0.6207084113121987,0.23925868612607093,5.35,300.1341361022324,0.6868177278628553,0.3715034216607853,8.024999999999999,307.46210260182227,0.7515500399595648,0.5005579460733159,10.7,314.7900691014123,0.8149634857919908,0.626572559087409
2189,2.675,292.7041262105894,0.616426142426817,0.23739387808797602,5.35,300.03961338018775,0.6829480769715128,0.3698182544319412,8.024999999999999,307.3751005497858,0.7480808410547903,0.4990438510279424,10.7,314.7105877193841,0.811883214985858,0.6252215663870735
2190,2.675,292.6041236863776,0.6121718734514303,0.23556573536204245,5.35,299.946981112584,0.6791037281645317,0.36816627540385427,8.024999999999999,307.2898385387901,0.7446342998499321,0.4975596220350572,10.7,314.6326959649964,0.8088230092884533,0.6238972624693068
2191,2.675,292.50612121265004,0.6079456159267218,0.23377354920937676,5.35,299.85620149033235,0.675284692295642,0.36654684090653467,8.024999999999999,307.20628176801426,0.7412104272137532,0.4961046780195189,10.7,314.55636204569646,0.8057828802213369,0.6225991265114132
2192,2.675,292.410078788397,0.6037473756386732,0.23201662411695892,5.35,299.7672374605257,0.6714909749891617,0.364959319365379,8.024999999999999,307.124396132654,0.7378092292840256,0.4946784488972199,10.7,314.48155480478255,0.8027628350483401,0.6213266476033689
2193,2.675,292.3159572126291,0.5995771527814973,0.23029427756933066,5.35,299.68005271131517,0.6677225767886408,0.36340309108905655,8.024999999999999,307.0441482100009,0.7344307076023703,0.4932803753794795,10.7,314.4082437086869,0.7997628768970647,0.6200793245689822
2194,2.675,292.2237180683765,0.5954349421171159,0.2286058398234754,5.35,299.5946116570889,0.663979493302326,0.3618775480605041,8.024999999999999,306.9655052458009,0.7310748592461881,0.4919099087804518,10.7,314.33639883451315,0.7967830048777419,0.6188566657899021
2195,2.675,292.13332370700897,0.591320733131244,0.22695065368691622,5.35,299.5108794239471,0.6602617153455003,0.36038209373102603,8.024999999999999,306.8884351408849,0.7277416769577328,0.4905665108274886,10.7,314.2659908578229,0.7938232141994978,0.6176581890324319
2196,2.675,292.0447372328688,0.5872345101861395,0.22532807429898027,5.35,299.4288218354681,0.6565692290797546,0.358916142817483,8.024999999999999,306.8129064380672,0.7244311492703808,0.48924965347444743,10.7,314.19699104066643,0.7908834962840741,0.6164834212771221
2197,2.675,291.9579224882114,0.5831762526700772,0.22373746891522986,5.35,299.34840539875876,0.6529020161492477,0.3574791211025163,8.024999999999999,306.7388883093059,0.7211432606321466,0.48795881871792235,10.7,314.1293712198531,0.7879638388770531,0.6153318985511089
2198,2.675,291.87284403844717,0.5791459351436066,0.22217821669504156,5.35,299.26959729078357,0.6492600538140078,0.35607046523781183,8.024999999999999,306.66635054311973,0.7178779915264982,0.48669349841635107,10.7,314.0631037954561,0.7850642261566327,0.6142031657631822
2199,2.675,291.78946715767825,0.5751435274826486,0.22064970849229704,5.35,299.19236534496787,0.6456433150803301,0.35468962255037373,8.024999999999999,306.5952635322573,0.7146353185905197,0.4854531941119948,10.7,313.99816171954694,0.7821846388399977,0.6130967765415284
2200,2.675,291.70775781452465,0.5711689950184913,0.21915134664918892,5.35,299.1166780380685,0.6420517688283249,0.353336050851768,8.024999999999999,306.5255982616122,0.7114152147304718,0.4842374168557288,10.7,313.934518485156,0.779325054287334,0.6120122930741404
2201,2.675,291.62768265823416,0.5672222986747368,0.2176825447930978,5.35,299.04250447730715,0.6384853799366659,0.35200921825032394,8.024999999999999,306.4573262963799,0.7082176492347994,0.4830456870346531,10.7,313.8721481154529,0.7764854466035297,0.6109492859518482
2202,2.675,291.5492090050695,0.5633033951012586,0.21624272763653135,5.35,298.969814387761,0.6349441094045932,0.35070860296625994,8.024999999999999,306.3904197704523,0.7050425878846335,0.481877534202463,10.7,313.8110251531438,0.7736657867376074,0.6099073340139483
2203,2.675,291.4723048249681,0.5594122368052197,0.21483133078009015,5.35,298.8985781000058,0.6314279144712206,0.3494336931497098,8.024999999999999,306.32485137504324,0.701889993061835,0.4807324969125591,10.7,313.75112465008095,0.7708660425799319,0.6088860241963945
2204,2.675,291.39693872846874,0.555548772279209,0.21344780051844622,5.35,298.8287665380057,0.6279367487321972,0.34818398670161305,8.024999999999999,306.2605943475424,0.6987598238546264,0.479610122553877,10.7,313.6924221570793,0.7680861790572341,0.6078849513825189
2205,2.675,291.32307995389937,0.5517129461265463,0.2120915936493031,5.35,298.7603512072456,0.6244705622537735,0.34695899109745415,8.024999999999999,306.19762246059156,0.6956520361608589,0.4785099671893853,10.7,313.63489371393774,0.7653261582254963,0.6069037182562591
2206,2.675,291.2506983548214,0.5479046991838104,0.21076217728530577,5.35,298.6933041831007,0.6210293016843207,0.34575822321380384,8.024999999999999,306.13591001137974,0.6925665827889577,0.47743159539724067,10.7,313.57851583965896,0.7625859393607374,0.6059419351578448
2207,2.675,291.17976438772496,0.5441239686406388,0.20945902866888513,5.35,298.62759809943867,0.6176129103633503,0.34458120915765256,8.024999999999999,306.07543181115216,0.6895034135565915,0.4763745801145553,10.7,313.52326552286576,0.7598654790477403,0.6049992199419317
2208,2.675,291.1102490999705,0.5403706881568541,0.20818163499000036,5.35,298.5632061374499,0.614221328428083,0.3434274840984901,8.024999999999999,306.0161631749291,0.68646247538711,0.47533850248375037,10.7,313.4691202124084,0.7571647312667612,0.6040751978381316
2209,2.675,291.04212411797107,0.5366447879769619,0.2069294932067559,5.35,298.50010201470093,0.6108544929176111,0.3422965921031033,8.024999999999999,305.9580799114305,0.6834437124037914,0.47432295170147126,10.7,313.41605780816025,0.7544836474782606,0.6031695013139226
2210,2.675,290.97536163561165,0.532946195042075,0.2057021098688584,5.35,298.4382599744069,0.6075123378747032,0.34118808597307587,8.024999999999999,305.9011583132019,0.6804470660219428,0.4733275248700143,10.7,313.36405665199703,0.7518221767056933,0.6022817699398949
2211,2.675,290.9099344028994,0.5292748330993073,0.2044990009438908,5.35,298.37765477491877,0.6041947944452934,0.3401015270849394,8.024999999999999,305.84537514693784,0.6774724750388957,0.47235182685125554,10.7,313.3130955189571,0.7491802656163984,0.6014116502573115
2212,2.675,290.8458157148414,0.5256306228086902,0.20331969164637317,5.35,298.3182616794204,0.6009017909757023,0.33903648523295643,8.024999999999999,305.7907076439991,0.6745198757219367,0.4713954701230304,10.7,313.26315360857797,0.7465578586006232,0.6005587956479439
2213,2.675,290.7829794005446,0.522013481847654,0.20216371626957214,5.35,298.260056445832,0.5976332531076304,0.33799253847450034,8.024999999999999,305.7371334911191,0.6715892018942142,0.4704580746379477,10.7,313.2142105364064,0.7439548978487209,0.5997228662061591
2214,2.675,290.7213998125337,0.5184233250131237,0.2010306180200434,5.35,298.20301531691536,0.5943891038709703,0.3369692729780048,8.024999999999999,305.6846308212967,0.6686803850186607,0.4695392676845973,10.7,313.1662463256783,0.7413713234265571,0.5989035286132123
2215,2.675,290.661051816283,0.5148600643212752,0.19991994885486164,5.35,298.14711501057707,0.5911692637744778,0.33596628287344465,8.024999999999999,305.6331782048708,0.6657933542799697,0.46863868375111906,10.7,313.1192413991647,0.7388070733491596,0.5981004560137382
2216,2.675,290.60191077995734,0.5113236091049936,0.1988312693215195,5.35,298.09233271036555,0.5879736508943437,0.3349831701053227,8.024999999999999,305.5827546407734,0.6629280366646655,0.467755964391115,10.7,313.0731765711814,0.7362620836526496,0.5973133278943856
2217,2.675,290.54395256435816,0.5078138661090825,0.19776414840045123,5.35,298.03864605615826,0.5848021809607094,0.33401954428812447,8.024999999999999,305.5333395479579,0.660084357039304,0.46689075809184344,10.7,313.0280330397578,0.7337362884644845,0.5965418299645706
2218,2.675,290.487153513071,0.5043307395832634,0.1967181633501643,5.35,297.9860331350351,0.5816547674421635,0.33307502256421845,8.024999999999999,305.4849127569987,0.657262238226841,0.4660427201447062,10.7,312.9837923789627,0.7312296200720504,0.5957856540393318
2219,2.675,290.4314904428096,0.5008741313730113,0.19569289955493852,5.35,297.9344724723344,0.578531321628262,0.3321492294641608,8.024999999999999,305.4374545018587,0.6544616010812047,0.4652115125179543,10.7,312.9404365313834,0.7287420089896346,0.5950444979242416
2220,2.675,290.37694063395344,0.49744394100826816,0.19468795037506015,5.35,297.8839430228877,0.5754317527101095,0.33124179676937454,8.024999999999999,305.3909454118216,0.6516823645601083,0.4643968037316082,10.7,312.89794780075573,0.7262733840238113,0.594318065302344
2221,2.675,290.32348182127436,0.49404006579007387,0.19370291699956554,5.35,297.83442416242997,0.5723559678590396,0.3303523633771806,8.024999999999999,305.3453665035851,0.6489244457961387,0.46359826873455534,10.7,312.8563088447406,0.723823672337274,0.5936060656230963
2222,2.675,290.2710921848489,0.49066240087515794,0.19273740830146277,5.35,297.78589567918135,0.569303872303434,0.3294805751681295,8.024999999999999,305.3006991735134,0.646187760166154,0.4628155887837886,10.7,312.8155026678458,0.721392799511144,0.5929082139932812
2223,2.675,290.2197503411519,0.48731083935853114,0.1917910406953868,5.35,297.73833776559775,0.5662753694037156,0.3286260848756307,8.024999999999999,305.25692519004315,0.6434722213590256,0.4620484513257597,10.7,312.7755126144889,0.7189806896057881,0.5922242310698548
2224,2.675,290.16943533432885,0.48398527235411615,0.19086343799767494,5.35,297.6917310102858,0.5632703607255526,0.32778855195781625,8.024999999999999,305.2140266862423,0.6407777414417581,0.4612965498798124,10.7,312.73632236219913,0.7165872652201738,0.5915538429547129
2225,2.675,290.12012662764226,0.48068558907345726,0.18995423128881656,5.35,297.6460563900801,0.5602887461113103,0.3269676424716341,8.024999999999999,305.17198615251743,0.638104230924019,0.460559583923671,10.7,312.69791591495516,0.7142124475497936,0.5908967810913288
2226,2.675,290.0718040950894,0.4774116769025464,0.1890630587782531,5.35,297.6012952622785,0.5573304237497847,0.3261630289491201,8.024999999999999,305.1307864294671,0.6354515988211109,0.45983725878094966,10.7,312.66027759665604,0.7118561564431869,0.5902527821632493
2227,2.675,290.0244480131876,0.4741634214768033,0.1881895656714917,5.35,297.5574293570329,0.554395290244253,0.3253743902758354,8.024999999999999,305.0904107008777,0.6328197527154186,0.45912928551065313,10.7,312.62339204472295,0.7095183104570881,0.5896215879944198
2228,2.675,289.97803905292386,0.4709407067542475,0.18733340403950685,5.35,297.51444076989225,0.5514832406788761,0.324601411571419,8.024999999999999,305.0508424868602,0.6302085988163615,0.4584353807986389,10.7,312.5872442038285,0.7071988269102304,0.5890029454512891
2229,2.675,289.9325582718654,0.4677434150868974,0.18649423269039095,5.35,297.4723119544944,0.5485941686834839,0.323843784072241,8.024999999999999,305.012065637123,0.6276180420188817,0.457755266851009,10.7,312.5518193197519,0.704897621935831,0.5883966063466928
2230,2.675,289.88798710642806,0.464571427290433,0.185671717043231,5.35,297.4310257154045,0.5457279664967797,0.323101205016118,8.024999999999999,304.97406432438055,0.6250479859604989,0.4570886712894091,10.7,312.5171029333569,0.7026146105327874,0.587802327345475
2231,2.675,289.8443073642995,0.46142462271215706,0.18486552900416858,5.35,297.39056520109636,0.5428845250279934,0.32237337752906126,8.024999999999999,304.93682303789296,0.6224983330769603,0.4564353270481936,10.7,312.4830808746898,0.7003497066156094,0.5872198698718151
2232,2.675,289.8015012170135,0.45830287929728925,0.18407534684462853,5.35,297.35091389707446,0.5400637339170165,0.3216600105140237,8.024999999999999,304.9003265771351,0.619968984656516,0.45579497227344506,10.7,312.449739257196,0.6981028230631147,0.5866490000182413
2233,2.675,289.7595511926732,0.45520607365362714,0.18330085508166696,5.35,297.312055619133,0.5372654815930487,0.32096081854163044,8.024999999999999,304.8645600455924,0.6174598408928464,0.4551673502237966,10.7,312.41706447205206,0.695873871765913,0.5860894884563014
2234,2.675,289.7184401688197,0.4521340811146078,0.18254174436041792,5.35,297.27397450675033,0.5344896553317898,0.32027552174283797,8.024999999999999,304.82950884468056,0.6149708009366724,0.45455220917305217,10.7,312.385043182611,0.6936627636727041,0.585541110348863
2235,2.675,289.67815136544334,0.4490867758008018,0.1817977113386144,5.35,297.2366550166153,0.5317361413112032,0.3196038457035232,8.024999999999999,304.79515866778695,0.6125017629460724,0.453949302314558,10.7,312.3536623189588,0.691469408835415,0.5850036452640137
2236,2.675,289.6386683381345,0.4460640306798732,0.18106845857313247,5.35,297.200081916283,0.5290048246658825,0.31894552136093846,8.024999999999999,304.7614954944312,0.6100526241355357,0.4533583876673085,10.7,312.32290907257965,0.6892937164532004,0.5844768770905416
2237,2.675,289.5999749713718,0.4430657176250357,0.18035369440855512,5.35,297.16424027795733,0.526295589540051,0.3183002849020371,8.024999999999999,304.7285055845426,0.6076232808237784,0.452779227983756,10.7,312.29277089112804,0.6871355949153303,0.5839605939549645
2238,2.675,289.56205547194435,0.44009170747203696,0.17965313286769746,5.35,297.1291154723982,0.5236083191392203,0.317667877663619,8.024999999999999,304.69617547285173,0.6052136284803457,0.45221159065929484,10.7,312.2632354733055,0.6849949518429885,0.5834545881400877
2239,2.675,289.52489436250545,0.4371418700747011,0.17896649354409308,5.35,297.09469316295025,0.5209428957805384,0.3170480460342695,8.024999999999999,304.6644919633947,0.6028235617710291,0.4516552476433893,10.7,312.2342907638394,0.682871694130005,0.582958656005055
2240,2.675,289.48847647525537,0.43421607435905996,0.17829350149638665,5.35,297.06095929969126,0.5182992009418526,0.3164405413580735,8.024999999999999,304.6334421241268,0.6004529746021215,0.45110997535233555,10.7,312.2059249485626,0.6807657279825445,0.5824725979068842
2241,2.675,289.45278694575023,0.4313141883761013,0.17763388714460882,5.35,297.02790011369746,0.5156771153095157,0.31584511984007374,8.024999999999999,304.6030132816443,0.598101760163535,0.4505755545836093,10.7,312.17812644959133,0.678676958957774,0.5819962181234435
2242,2.675,289.4178112068352,0.4284360793531646,0.17698738616832768,5.35,296.9955021114235,0.5130765188249619,0.31526154245343063,8.024999999999999,304.5731930160114,0.5957698109708061,0.45005177043178546,10.7,312.1508839205995,0.6766052920015303,0.5815293247778578
2243,2.675,289.3835349826985,0.4255816137440108,0.1763537394066091,5.35,296.96375206919504,0.5104972907300767,0.3146895748482851,8.024999999999999,304.5439691556912,0.5934570189060115,0.4495384122060029,10.7,312.1241862421875,0.6745506314850095,0.5810717297643198
2244,2.675,289.3499442830445,0.42275065727759603,0.17573269275978806,5.35,296.93263702781115,0.5079393096113888,0.3141289872622609,8.024999999999999,304.51532977257733,0.5911632752576186,0.4490352733489439,10.7,312.09802251734374,0.6725128812404995,0.580623248675273
2245,2.675,289.31702539738365,0.4199430750055742,0.17512399709301052,5.35,296.90214428725494,0.505402453443107,0.31357955443261853,8.024999999999999,304.4872631771258,0.5888884707592908,0.44854215135731274,10.7,312.07238206699685,0.6704919445961751,0.5801837007299502
2246,2.675,289.28476488943596,0.4171587313485578,0.1745274081415204,5.35,296.87226140150983,0.5028865996290273,0.31304105550999867,8.024999999999999,304.45975791358325,0.5866324956276745,0.4480588477037722,10.7,312.0472544256569,0.6684877244099776,0.5797529087042524
2247,2.675,289.25314959164723,0.41439749014116134,0.17394268641765614,5.35,296.84297617347966,0.500391625043335,0.3125132739737577,8.024999999999999,304.43280275531157,0.5843952395991843,0.4475851677603377,10.7,312.02262933714377,0.6665001231025961,0.5793306988619213
2248,2.675,289.2221665998143,0.41165921467585415,0.17336959711954683,5.35,296.8142766500101,0.49791740607032475,0.31199599754884516,8.024999999999999,304.40638670020536,0.5821765919658127,0.4471209207231747,10.7,311.9984967504009,0.6645290426895729,0.5789169008870081
2249,2.675,289.191803267818,0.408943767745648,0.17280791004146137,5.35,296.78615111700987,0.4954638186430611,0.3114890181242185,8.024999999999999,304.38049896620123,0.5799764416099827,0.4466659195387981,10.7,311.9748468153929,0.6625743848125497,0.5785113478176084
2250,2.675,289.1620472024616,0.4062510116856439,0.17225739948579497,5.35,296.7585880946697,0.4930307382810042,0.3109921316727549,8.024999999999999,304.3551289868772,0.5777946770384639,0.44621998083165054,10.7,311.95166987908505,0.6606360507696741,0.5781138759808255
2251,2.675,289.1328862584124,0.40358080841346317,0.17171784417666613,5.35,296.7315763327763,0.49061804012662097,0.3105051381726388,8.024999999999999,304.3302664071397,0.5756311864153739,0.44578292483301274,10.7,311.92895648150335,0.6587139415451853,0.5777243249289701
2252,2.675,289.10430853324414,0.400933019468586,0.17118902717509013,5.35,296.70510480612074,0.4882255989810051,0.31002784153020946,8.024999999999999,304.3059010789969,0.5734858575942844,0.4453545753112562,10.7,311.9066973518733,0.6568079578381951,0.5773425373769447
2253,2.675,289.07630236257927,0.39830750605062215,0.1706707357957169,5.35,296.6791627099983,0.4858532893385266,0.3095600495042274,8.024999999999999,304.28202305741695,0.57135857814945,0.4449347595033769,10.7,311.8848834048358,0.6549180000906847,0.576968359140822
2254,2.675,289.04885631532767,0.39570412905653557,0.17016276152508583,5.35,296.65373945579836,0.4835009854205323,0.30910157363155477,8.024999999999999,304.2586225962686,0.5692492354061812,0.4445233080478351,10.7,311.8635057367391,0.653043968514731,0.5766016390775618
2255,2.675,289.0219591890211,0.39312274911684647,0.16966489994140255,5.35,296.6288246666824,0.48116856120811785,0.30865222915420326,8.024999999999999,304.2356901443432,0.5671577164703786,0.4441200549186274,10.7,311.84255562200434,0.6511857631189827,0.5762422290258816
2256,2.675,288.9956000052407,0.390563226630833,0.1691769506357812,5.35,296.60440817334876,0.4788558904739914,0.3082118349477517,8.024999999999999,304.21321634145636,0.5650839082572473,0.44372483736061175,10.7,311.82202450956424,0.6493432837344001,0.5758899837482319
2257,2.675,288.9697680051359,0.38802542180075394,0.16869871713494586,5.35,296.5804800098818,0.4765628468134495,0.3077802134510886,8.024999999999999,304.19119201462723,0.5630276975192102,0.4433374958260372,10.7,311.80190401937296,0.6475164300392767,0.5755447608738802
2258,2.675,288.9444526450332,0.38550919466511424,0.16823000682536457,5.35,296.55703040968416,0.4742893036744837,0.3073571905974712,8.024999999999999,304.1696081743347,0.5609889708730366,0.4429578739122721,10.7,311.7821859389855,0.6457051015835574,0.575206420843059
2259,2.675,288.91964359213256,0.38301440513099383,0.16777063087879118,5.35,296.5340498014905,0.47203513438703776,0.30694259574686505,8.024999999999999,304.148456010848,0.5589676148262038,0.4425858183007038,10.7,311.76286222020576,0.6439091978124692,0.5748748268521845
2260,2.675,288.8953307202899,0.38054091300546106,0.1673204041791812,5.35,296.51152880546067,0.4698002121914341,0.3065362616195614,8.024999999999999,304.12772689063104,0.5569635158025104,0.4422211786967831,10.7,311.74392497580163,0.6421286180894805,0.5745498448001073
2261,2.675,288.8715041058841,0.37808857802609,0.16687914525097838,5.35,296.48945822935144,0.4675844102659875,0.3061380242310221,8.024999999999999,304.1074123528184,0.5549765601669545,0.44186380777121265,10.7,311.7253664762856,0.6403632617186024,0.5742313432353912
2262,2.675,288.8481540237664,0.3756572598906026,0.16644667618872758,5.35,296.46782906476443,0.46538760175382465,0.30574772282796564,8.024999999999999,304.08750410576204,0.5530066342498977,0.44151356110223416,10.7,311.7071791467599,0.6386130279660481,0.5739191933045824
2263,2.675,288.8252709432911,0.37324681828565337,0.1660228225880048,5.35,296.44663248346916,0.4632096597889267,0.30536519982563654,8.024999999999999,304.0679940236468,0.5510536243705259,0.44117029711901506,10.7,311.68935556382473,0.6368778160812645,0.5736132687014771
2264,2.675,288.80284552442527,0.3708571129147777,0.16560741347763686,5.35,296.4258598337998,0.46105045752141255,0.30499030074626626,8.024999999999999,304.04887414317386,0.5491174168596268,0.4408338770461024,10.7,311.6718884525482,0.6351575253173493,0.5733134456173481
2265,2.675,288.7808686139368,0.36848800352552064,0.1652002812531929,5.35,296.4055026371238,0.45890986814207974,0.3046228741586934,8.024999999999999,304.0301366603104,0.5471978980816976,0.44050416484893673,10.7,311.65477068349725,0.6334520549508686,0.5730196026921232
2266,2.675,288.75933124165806,0.36613934993576575,0.16480126161170808,5.35,296.3855525843813,0.4567877649062193,0.30426277161911436,8.024999999999999,304.0117739271042,0.5452949544563973,0.44018102718038893,10.7,311.6379952698273,0.6317613043010882,0.572731620966493
2267,2.675,288.7382246168249,0.36381101205928096,0.16441019348765365,5.35,296.36600153269364,0.45468402115672163,0.3039098476129592,8.024999999999999,303.99377844856207,0.5434084724793603,0.4398643333283269,10.7,311.6215553644307,0.630085172748631,0.5724493838349396
2268,2.675,288.7175401244884,0.3615028499304997,0.16402691899009206,5.35,296.34684150203975,0.45259851034648846,0.3035639594978674,8.024999999999999,303.97614287959084,0.5415383387423843,0.43955395516416956,10.7,311.6054442571421,0.6284235597535743,0.57217277699966
2269,2.675,288.6972693219986,0.35921472372855434,0.1636512833410205,5.35,296.32806467199896,0.4505311060601674,0.30322496744773897,8.024999999999999,303.95886002199904,0.5396844399530071,0.43924976709241875,10.7,311.58965537199924,0.626776364873001,0.5719016884253667
2270,2.675,288.67740393555863,0.35694649380057863,0.16328313481487944,5.35,296.309663378559,0.4484816820352239,0.30289273439784653,8.024999999999999,303.94192282155905,0.5378466629534865,0.43895164600116654,10.7,311.5741822645593,0.625143487778014,0.5716360082949705
2271,2.675,288.6579358568475,0.354698020684296,0.16292232467919077,5.35,296.2916301109878,0.44645011218236624,0.30256712599099517,8.024999999999999,303.9253243651279,0.5360248947391965,0.4386594712135311,10.7,311.5590186192681,0.6235248282702291,0.5713756289660921
2272,2.675,288.6388571397105,0.3524691651299098,0.16256870713633131,5.35,296.27395750876804,0.4444362706053374,0.30224801052469424,8.024999999999999,303.9090578778253,0.5342190224764534,0.4383731244400283,10.7,311.5441582468827,0.6219202862977573,0.5711204449284292
2273,2.675,288.6201599969163,0.3502597881213112,0.16222213926639986,5.35,296.2566383585927,0.4424400316200895,0.30193525889934136,8.024999999999999,303.89311672026884,0.5324289335197849,0.4380924897318583,10.7,311.52959508194505,0.6203297619706872,0.5708703527619254
2274,2.675,288.601836796978,0.348069750896621,0.1618824809711602,5.35,296.2396655914208,0.4404612697733539,0.30162874456739003,8.024999999999999,303.8774943858635,0.5306545154286553,0.4378174534350725,10.7,311.51532318030615,0.6187531555760811,0.5706252510957583
2275,2.675,288.5838800610384,0.34589891496807956,0.16154959491905654,5.35,296.2230322795924,0.4384998598606217,0.3013283434834901,8.024999999999999,303.86218449814623,0.5288956559836576,0.4375479041456291,10.7,311.50133671670005,0.6171903675924941,0.570385040568106
2276,2.675,288.56628245981767,0.3437471421413009,0.16122334649126835,5.35,296.20673163400056,0.43655567694354713,0.3010339340555701,8.024999999999999,303.8471808081833,0.5271522432021885,0.4372837326653114,10.7,311.48762998236606,0.6156412987040288,0.5701496237866905
2277,2.675,288.5490368106213,0.34161429453390507,0.16090360372878298,5.35,296.19075700132055,0.4346285963667889,0.300745397096861,8.024999999999999,303.8324771920196,0.5254241653536137,0.43702483195848196,10.7,311.4741973827187,0.6141058498139352,0.5699189052900907
2278,2.675,288.53213607440887,0.33950023459354295,0.16059023728048794,5.35,296.17510186129414,0.43271849377430077,0.30046261577883676,8.024999999999999,303.81806764817924,0.5237113109739397,0.43677109710967715,10.7,311.46103343506434,0.6125839220577671,0.5696927915097899
2279,2.675,288.5155733529207,0.3374048251153284,0.1602831203522394,5.35,296.15975982406826,0.4308252451250852,0.3001854755850506,8.024999999999999,303.80394629521567,0.5220135688800004,0.43652242528201163,10.7,311.4481327663631,0.6110754168161053,0.5694711907329623
2280,2.675,288.4993418858623,0.33532792925869054,0.15998212865690567,5.35,296.14472462758687,0.4289487267084224,0.2999138642658583,8.024999999999999,303.79010736931133,0.520330828183171,0.43627871567638116,10.7,311.4354901110358,0.6095802357268576,0.5692540130659761
2281,2.675,288.48343504814505,0.3332694105636606,0.1596871403653622,5.35,296.12999013503514,0.4270888151585869,0.29964767179400986,8.024999999999999,303.7765452219251,0.5186629783026214,0.4360398694914606,10.7,311.4231003088151,0.6080982806971453,0.5690411703986062
2282,2.675,288.46784634718216,0.33122913296660583,0.15939803605842634,5.35,296.11555033233446,0.4252453874690639,0.29938679032108895,8.024999999999999,303.7632543174866,0.5170099089781178,0.4358057898844572,10.7,311.4109583026388,0.6066294539147868,0.5688325763689345
2283,2.675,288.4525694202385,0.32920696081542383,0.15911469867970357,5.35,296.1013993256878,0.42341832100627697,0.2991311141347937,8.024999999999999,303.75022923113687,0.515371510282385,0.43557638193263826,10.7,311.399059136586,0.605173657859387,0.568628146328929
2284,2.675,288.4375980318337,0.3272027588842102,0.15883701348934096,5.35,296.08753133917406,0.42160749352283877,0.2988805396170338,8.024999999999999,303.7374646465141,0.5137476726330389,0.43535155259558345,10.7,311.3873979538543,0.6037307953130421,0.5684277973107013
2285,2.675,288.422926071197,0.3252163923874113,0.15856486801866443,5.35,296.0739407123906,0.4198127831703361,0.2986349652028374,8.024999999999999,303.7249553535838,0.5121382868040991,0.43513121067818045,10.7,311.3759699947772,0.6023007693706689,0.5682314479933979
2286,2.675,288.40854754977306,0.32324772699347515,0.15829815202568645,5.35,296.06062189814276,0.41803406851166014,0.2983942913400467,8.024999999999999,303.71269624651217,0.5105432439370933,0.43491526679432824,10.7,311.3647705948817,0.6008834834499683,0.5680390186707528
2287,2.675,288.3944565987776,0.3212966288380117,0.15803675745146034,5.35,296.0475694601799,0.41627122853289317,0.29815842044978697,8.024999999999999,303.70068232158195,0.5089624355517602,0.434703633331343,10.7,311.3537951829841,0.5994788413010302,0.5678504312192609
2288,2.675,288.38064746680203,0.31936296453647445,0.15778057837728499,5.35,296.0347780709763,0.41452414265476184,0.2979272568877076,8.024999999999999,303.6889086751503,0.5073957535563647,0.434496224415052,10.7,311.3430392793244,0.59808674701559,0.5676656090669695
2289,2.675,288.367114517466,0.317446601196375,0.1575295109827217,5.35,296.02224250955675,0.4127926907436679,0.2977007069059552,8.024999999999999,303.67737050164726,0.50584309025763,0.4342929558755732,10.7,311.3324984937379,0.5967071050359439,0.5674844771628812
2290,2.675,288.3538522271167,0.31554740642904167,0.15728345350441628,5.35,296.0099576593656,0.41107675312230607,0.2974786786158945,8.024999999999999,303.6660630916143,0.5043043383703002,0.4340937452137398,10.7,311.3221685238631,0.5953398201635327,0.5673069619469441
2291,2.675,288.3408551825744,0.31366524836093285,0.15704230619572873,5.35,295.99791850617834,0.40937621057987933,0.2972610819515464,8.024999999999999,303.65498182978206,0.5027793910263393,0.4338985115681909,10.7,311.31204515338584,0.5939847975671998,0.5671329913206322
2292,2.675,288.3281180789229,0.3117999956445164,0.1568059712871205,5.35,295.98612013605475,0.40769094438192155,0.2970478286337229,8.024999999999999,303.64412219318643,0.5012681417837767,0.4337071756830962,10.7,311.3021242503181,0.592641942791134,0.5669624946180993
2293,2.675,288.31563571734443,0.3099515174687252,0.15657435294732067,5.35,295.97455773333365,0.40602083627973645,0.29683883213487233,8.024999999999999,303.6334797493227,0.49977048463520785,0.43351965987650337,10.7,311.29240176531175,0.5913111617625029,0.5667954025778871
2294,2.675,288.3034030029975,0.30811968356899927,0.15634735724523208,5.35,295.963226578667,0.4043657685194628,0.29663400764459485,8.024999999999999,303.6230501543362,0.4982863140159583,0.4333358880093101,10.7,311.2828737300055,0.5899923607987848,0.5666316473151947
2295,2.675,288.2914149429376,0.3063043642369248,0.1561248921125819,5.35,295.95212204709367,0.40272562385077487,0.29643327203582126,8.024999999999999,303.6128291512495,0.49681552481191893,0.4331557854548246,10.7,311.2735362554054,0.5886854466148079,0.5664711622946795
2296,2.675,288.2796666440788,0.30450543032947947,0.15590686730727957,5.35,295.9412396061518,0.40110028553522653,0.29623654383166353,8.024999999999999,303.6028125682245,0.49535801236706134,0.4329792790689319,10.7,311.2643855302973,0.5873903263295014,0.5663138823037945
2297,2.675,288.26815331119724,0.3027227532778941,0.15569319437749737,5.35,295.9305748140288,0.3994896373542491,0.29604374317289195,8.024999999999999,303.59299631686,0.4939136724906407,0.4328062971608354,10.7,311.2554178196914,0.5861069074723684,0.5661597434266481
2298,2.675,288.2568702449733,0.30095620509614035,0.15548378662643972,5.35,295.9201233177482,0.3978935636168097,0.2958547917860533,8.024999999999999,303.5833763905228,0.492482401464094,0.4326367694643639,10.7,311.24662946329755,0.5848350979896855,0.5660086830183637
2299,2.675,288.2458128400738,0.29920565838905294,0.15527855907779028,5.35,295.90988085139327,0.39631194916674056,0.29566961295220323,8.024999999999999,303.57394886271237,0.491064096047641,0.43247062710984707,10.7,311.2380168740316,0.5835748062504369,0.565860639679955
2300,2.675,288.2349765832723,0.2974709863600963,0.15507742844184091,5.35,295.8998432343654,0.3947446793897455,0.29548813147625413,8.024999999999999,303.5647098854581,0.4896586534865959,0.43230780259652735,10.7,311.22957653655095,0.5823259410519894,0.5657155532336816
